[[ { "name":"АМЕРГУЖИН Хамит Айдарулы", "party": "Member", "year": 14, "gender":"male" },
{"name":"АМЕРЖАНОВА Айтжан Мухамединовна", "party": "Member", "year": 14, "gender":"male"},
{"name":"АРТЫГАЛИЕВ Мади Адыевич", "party": "Member", "year": 14, "gender":"male"},
{"name":"АРТЮШЕНКО Леонид Аркадьевич", "party": "Member", "year": 14, "gender":"male"},
{"name":"АХМЕТОВ Ашимжан Сулейменович", "party": "Member", "year": 14, "gender":"male"},
{"name":"АХМЕТОВ Мырзабек Смагулович", "party": "Otan", "year": 14, "gender":"male"},
{"name":"АШЛЯЕВ Серик Сопыжанович", "party": "Assamb", "year": 14, "gender":"male"},
{"name":"БАКИР Абдижалел Кошкарулы", "party": "", "year": 14, "gender":"male"},
{"name":"БАЛАПАНОВ Зейнелькабден Таукенович", "party": "", "year": 14, "gender":"male"},
{"name":"БАТАЛОВ Анвар Касымович", "party": "", "year": 14, "gender":"male"},
{"name":"БЕКБОСЫН Аргынбай", "party": "", "year": 14, "gender":"male"},
{"name":"БЕЛЬГИБАЕВ Есенбай Есенжолович", "party": "", "year": 14, "gender":"male"},
{"name":"БОГАТЫРЕВ Игорь Анатольевич", "party": "", "year": 14, "gender":"male"},
{"name":"БРЕДИХИН Сергей Николаевич", "party": "", "year": 14, "gender":"male"},
{"name":"БУЛЕГЕНОВ Ергали Булегенович", "party": "", "year": 14, "gender":"male"},
{"name":"ВЕСНИН Виктор Николаевич", "party": "", "year": 0, "gender":"male"},
{"name":"ВЫСКУБОВ Владимир Матвеевич", "party": "", "year": 14, "gender":"male"},
{"name":"ГОЛОВКОВ Михаил Николаевич", "party": "", "year": 14, "gender":"male"},
{"name":"ГРОМОВ Валерий Леонидович", "party": "", "year": 14, "gender":"male"},
{"name":"ДЖОЛДАСБЕКОВ Умирбек Арисланович", "party": "", "year": 14, "gender":"male"},
{"name":"ЕГОРОВ Виктор Николаевич", "party": "", "year": 14, "gender":"male"},
{"name":"ЕЛЕКЕЕВ Ирак Касымович", "party": "", "year": 14, "gender":"male"},
{"name":"ЕРЕЖЕПОВ Кайролла Жеткизгенович", "party": "", "year": 14, "gender":"male"},
{"name":"ЖУЙРИКТАЕВА Мария Беспаевна", "party": "", "year": 14, "gender":"female"},
{"name":"ЖУМАБЕКОВА Рысты Маговьяновна", "party": "", "year": 14, "gender":"female"},
{"name":"ЖУМАГАЛИЕВ Атлаш Адильмуханович", "party": "", "year": 14, "gender":"male"},
{"name":"ЗЕМЛЯНОВ Валерьян Янович", "party": "", "year": 14, "gender":"male"},
{"name":"ИЛЬЧЕНКО Таисия Александровна", "party": "", "year": 14, "gender":"female"},
{"name":"КАДЫРОВА Зауре Жусуповна", "party": "", "year": 14, "gender":"female"},
{"name":"КАЛИЕВ Наубат Калиевич", "party": "", "year": 14, "gender":"male"},
{"name":"КАПТИЛЬ Николай Степанович", "party": "", "year": 14, "gender":"male"},
{"name":"КЕКИЛБАЕВ Абиш", "party": "", "year": 14, "gender":"male"},
{"name":"КЕЛЕМСЕИТ Ермек Абилмажинулы", "party": "", "year": 14, "gender":"male"},
{"name":"КЕМЕЛ Мырзагельды", "party": "", "year": 14, "gender":"male"},
{"name":"КОПБЕРГЕН Абдиманап Бапанулы", "party": "", "year": 14, "gender":"male"},
{"name":"КОПЕЙ Мухамбет Жуманазарулы", "party": "", "year": 14, "gender":"male"},
{"name":"КОТЕЛИН Владимир Иванович", "party": "", "year": 14, "gender":"male"},
{"name":"КУАНЫШ Толеген Шангитбайулы", "party": "", "year": 14, "gender":"male"},
{"name":"КУАНЫШБАЕВА Роза Сактагановна", "party": "", "year": 14, "gender":"female"},
{"name":"КУРМАШЕВ Куаныш Курмашевич", "party": "", "year": 14, "gender":"male"},
{"name":"ЛАВРЕНТЬЕВ Александр Иосифович", "party": "", "year": 14, "gender":"male"},
{"name":"ЛЕКЕР Куандык Ахметулы", "party": "", "year": 14, "gender":"male"},
{"name":"МЕРЕНКОВ Владимир Петрович", "party": "", "year": 14, "gender":"male"},
{"name":"МОЛДАХМЕТОВ Марат Турысбаевич", "party": "", "year": 14, "gender":"male"},
{"name":"МУКАНОВ Сериккали Кубашевич", "party": "", "year": 14, "gender":"male"},
{"name":"НАУРЫЗБАЙ Жумагали Жукеевич", "party": "", "year": 14, "gender":"male"},
{"name":"НУРКАДИЛОВ Заманбек Калабаевич", "party": "", "year": 14, "gender":"male"},
{"name":"ОМАРОВ Шарип", "party": "", "year": 14, "gender":"male"},
{"name":"ОСИПОВ Василий Иванович", "party": "", "year": 14, "gender":"male"},
{"name":"ОСПАНОВ Марат Турдыбекович", "party": "", "year": 14, "gender":"male"},
{"name":"ПРИГОДИН Виктор Иванович", "party": "", "year": 14, "gender":"male"},
{"name":"РАМАЗАНОВ Аманбек Мырзахметович", "party": "", "year": 14, "gender":"male"},
{"name":"СИЛКИНА Татьяна Егоровна", "party": "", "year": 14, "gender":"male"},
{"name":"СУЛТАНБАЙ Кудайберген Тауекелулы", "party": "", "year": 14, "gender":"male"},
{"name":"СЫТОВ Юрий Николаевич", "party": "", "year": 14, "gender":"male"},
{"name":"ТРЕТЬЯКОВ Валентин Александрович", "party": "", "year": 14, "gender":"male"},
{"name":"ТРОШИХИН Михаил Васильевич", "party": "", "year": 14, "gender":"male"},
{"name":"ТУРЕБАЕВ Шахизат Хамитович", "party": "", "year": 14, "gender":"male"},
{"name":"ТУРЛЫХАНОВ Даулет Болатович", "party": "", "year": 14, "gender":"male"},
{"name":"ТУРЫСОВ Каратай", "party": "", "year": 14, "gender":"male"},
{"name":"УНГАРСЫНОВА Фариза Унгарсыновна", "party": "", "year": 14, "gender":"female"},
{"name":"ШВАРЦКОПФ Альберт Васильевич", "party": "", "year": 14, "gender":"male"},
{"name":"ШЕР Раиса Петровна", "party": "", "year": 14, "gender":"female"},
{"name":"ШЛЫЧКОВ Валерий Иванович", "party": "", "year": 14, "gender":"male"},
{"name":"ШОКАРЕВ Владимир Ильич", "party": "", "year": 14, "gender":"male"},
{"name":"ЩЕРБИНИН Николай Иванович", "party": "", "year": 14, "gender":"male"},
{"name":"ЫСКАК Аким Абдыхаймулы", "party": "", "year": 14, "gender":"male"} ]
,[{"name":"АБДИЕВ Жазбек Ниетович", "party": "", "year": 14, "gender":"male"},
  {"name":"АБДИЛЬДИН Серикболсын Абдильдаевич", "party": "", "year": 14, "gender":"male"},
  {"name":"АБДРАХМАНОВ Серик", "party": "", "year": 14, "gender":"male"},
  {"name":"АБЫЛКАСЫМОВ Ерасыл", "party": "", "year": 14, "gender":"male"},
  {"name":"АЙТАЛЫ Амангельды Абдрахманулы", "party": "", "year": 14, "gender":"male"},
  {"name":"АЛИБАЕВ Серикбай Бариевич", "party": "", "year": 14, "gender":"male"},
  {"name":"АЛИМЖАНОВ Исахан Молдаханович", "party": "", "year": 14, "gender":"male"},
  {"name":"АЛПЫСБЕКОВ Куаныш Махмутович", "party": "", "year": 14, "gender":"male"},
  {"name":"АМЕРГУЖИН Хамит Айдарулы", "party": "", "year": 14, "gender":"male"},
  {"name":"АСАНОВ Владимир Байтениязович", "party": "", "year": 14, "gender":"male"},
  {"name":"БАЙНАЗАРОВ Галым", "party": "", "year": 14, "gender":"male"},
  {"name":"БАКИР Абдижалел Кошкарулы", "party": "", "year": 14, "gender":"male"},
  {"name":"БЕЙСЕНБАЕВ Аскар Асанович", "party": "", "year": 14, "gender":"male"},
  {"name":"БИСЕТАЕВ Серикбай Жумабекович", "party": "", "year": 14, "gender":"male"},
  {"name":"ВЕСНИН Виктор Николаевич", "party": "", "year": 14, "gender":"male"},
  {"name":"ДАУЛБАЕВ Асхат Кайзуллаевич", "party": "", "year": 14, "gender":"male"},
  {"name":"ДВОРЕЦКИЙ Владимир Яковлевич", "party": "", "year": 14, "gender":"male"},
  {"name":"ДРОЖЖИН Сергей Васильевич", "party": "", "year": 14, "gender":"male"},
  {"name":"ДЬЯЧЕНКО Сергей Александрович", "party": "", "year": 14, "gender":"male"},
  {"name":"ЕГОРОВ Виктор Николаевич", "party": "", "year": 14, "gender":"male"},
  {"name":"ЕЛЕУБАЕВ Узаккали Биалаевич", "party": "", "year": 14, "gender":"male"},
  {"name":"ЕРЕЖЕПОВ Кайролла Жеткизгенович", "party": "", "year": 14, "gender":"male"},
  {"name":"ЖАЛЫБИН Сергей Михайлович", "party": "", "year": 14, "gender":"male"},
  {"name":"ЖУЙРИКТАЕВА Мария Беспаевна", "party": "", "year": 14, "gender":"female"},
  {"name":"ЗЕМЛЯНОВ Валерьян Янович", "party": "", "year": 14, "gender":"male"},
  {"name":"ИВАНОВ Виктор Михайлович", "party": "", "year": 14, "gender":"male"},
  {"name":"КАБАНБАЕВ Аскар", "party": "", "year": 14, "gender":"male"},
  {"name":"КАДЫРОВА Зауре Жусуповна", "party": "", "year": 14, "gender":"female"},
  {"name":"КАЛДЫГУЛОВА Сания Мусаевна", "party": "", "year": 14, "gender":"female"},
  {"name":"КАЛИЕВ Гани Алимович", "party": "", "year": 14, "gender":"male"},
  {"name":"КАЛИУЛЫ Жекен", "party": "", "year": 14, "gender":"male"},
  {"name":"КАРАМАНОВ Узакбай", "party": "", "year": 14, "gender":"male"},
  {"name":"КАСЫМОВ Гани Есенгельдыулы", "party": "", "year": 14, "gender":"male"},
  {"name":"КВЯТКОВСКАЯ Татьяна Григорьевна", "party": "", "year": 14, "gender":"female"},
  {"name":"КЕЛЕМСЕИТ Ермек Абилмажинулы", "party": "", "year": 14, "gender":"male"},
  {"name":"КЕМЕЛ Мырзагельды", "party": "", "year": 14, "gender":"male"},
  {"name":"КЕНЖЕБЕК Омиргали", "party": "", "year": 14, "gender":"male"},
  {"name":"КОНАКБАЕВ Серик Керимбекович", "party": "", "year": 14, "gender":"male"},
  {"name":"КОПЕЙ Мухамбет Жуманазарулы", "party": "", "year": 14, "gender":"male"},
  {"name":"КОСАРЕВ Владислав Борисович", "party": "", "year": 14, "gender":"male"},
  {"name":"КОСМАМБЕТОВ Тулебек", "party": "", "year": 14, "gender":"male"},
  {"name":"КОТОВИЧ Валерий Николаевич", "party": "", "year": 14, "gender":"male"},
  {"name":"КУПЕНОВА Бакыт Каиркешевна", "party": "", "year": 14, "gender":"male"},
  {"name":"КУШКАЛИЕВ Хаким Дуйсешович", "party": "", "year": 14, "gender":"male"},
  {"name":"ЛАВРИНЕНКО Юрий Иванович", "party": "", "year": 14, "gender":"male"},
  {"name":"МАДИНОВ Ромин Ризович", "party": "", "year": 14, "gender":"male"},
  {"name":"МАКАЛКИН Валентин Иванович", "party": "", "year": 14, "gender":"male"},
  {"name":"МАКАШЕВ Зейнула Мухамединович", "party": "", "year": 14, "gender":"male"},
  {"name":"МАКСИМОНЬКО Василий Владимирович", "party": "", "year": 14, "gender":"male"},
  {"name":"МИЛЮТИН Александр Александрович", "party": "", "year": 14, "gender":"male"},
  {"name":"МУЖЧИЛЬ Татьяна Евгеньевна", "party": "", "year": 14, "gender":"female"},
  {"name":"МУКАШЕВ Рахмет Желдыбаевич", "party": "", "year": 14, "gender":"male"},
  {"name":"МУРТАЗА Шерхан Муртазаулы", "party": "", "year": 14, "gender":"male"},
  {"name":"НИГМАТУЛИН Ерлан Зайруллаевич", "party": "", "year": 14, "gender":"male"},
  {"name":"ОМАРОВ Шарип", "party": "", "year": 14, "gender":"male"},
  {"name":"ОСПАНОВ Марат Турдыбекович", "party": "", "year": 14, "gender":"male"},
  {"name":"РАМАЗАНОВ Еркин Амануллинович", "party": "", "year": 14, "gender":"male"},
  {"name":"РАХМЕТОВ Ержан Оразович", "party": "", "year": 14, "gender":"male"},
  {"name":"РУСТЕМОВ Нурбах Турарович", "party": "", "year": 14, "gender":"male"},
  {"name":"САБДЕНОВ Оразалы", "party": "", "year": 14, "gender":"male"},
  {"name":"САГДИЕВ Махтай Рамазанович", "party": "", "year": 14, "gender":"male"},
  {"name":"САРМАНОВ Ерхали Сатыбалдыулы", "party": "", "year": 14, "gender":"male"},
  {"name":"САРПЕКОВ Рамазан Кумарбекович", "party": "", "year": 14, "gender":"male"},
  {"name":"САРСЕНОВ Нурдаулет Жумагулович", "party": "", "year": 14, "gender":"male"},
  {"name":"СИСИНБАЕВ Тагир Мусаевич", "party": "", "year": 14, "gender":"male"},
  {"name":"СОРОКИН Борис Владимирович", "party": "", "year": 14, "gender":"male"},
  {"name":"СЫЗДЫКОВ Тито Уахапович", "party": "", "year": 14, "gender":"male"},
  {"name":"ТАКЕНОВ Болат Долдаевич", "party": "", "year": 14, "gender":"male"},
  {"name":"ТИНИКЕЕВ Мухтар Бакирович", "party": "", "year": 14, "gender":"male"},
  {"name":"ТОХТАСЫНОВ Толен Мухамедиевич", "party": "", "year": 14, "gender":"male"},
  {"name":"ТРОШИХИН Михаил Васильевич", "party": "", "year": 14, "gender":"male"},
  {"name":"ТУЛЕМЕТОВ Куанышбек", "party": "", "year": 14, "gender":"male"},
  {"name":"ТУРЛЫХАНОВ Даулет Болатович", "party": "", "year": 14, "gender":"male"},
  {"name":"ТУРЫСОВ Каратай", "party": "", "year": 14, "gender":"male"},
  {"name":"ТУЯКБАЙ Жармахан Айтбайулы", "party": "", "year": 14, "gender":"male"},
  {"name":"ТШАНОВ Амалбек Козыбакулы", "party": "", "year": 14, "gender":"male"},
  {"name":"УНГАРСЫНОВА Фариза Унгарсыновна", "party": "", "year": 14, "gender":"female"},
  {"name":"УРАЗАЛИНОВ Шаймерден Абильмажинович", "party": "", "year": 14, "gender":"male"},
  {"name":"ЧЕРКАШИНА Алимпиада Ивановна", "party": "", "year": 14, "gender":"female"},
  {"name":"ЧИРКАЛИН Иван Федорович", "party": "", "year": 14, "gender":"male"},
  {"name":"ШАЕКИН Рауан Михайлович", "party": "", "year": 14, "gender":"male"},
  {"name":"ШАЛАБАЕВ Хайрат Габдулович", "party": "", "year": 14, "gender":"male"},
  {"name":"ЩЕРБИНИН Николай Иванович", "party": "", "year": 14, "gender":"male"}],
[{"name":"АБАСОВ Ермек Бегалиевич", "party": "", "year": 14, "gender":"male"},
{"name":"АБДРАХМАНОВ Серик", "party": "", "year": 14, "gender":"male"},
{"name":"АБЫЛКАСЫМОВ Ерасыл", "party": "", "year": 14, "gender":"male"},
{"name":"АГАТАЕВА Куляш Абдибековна", "party": "", "year": 14, "gender":"male"},
{"name":"АЙТАЛЫ Амангельды Абдрахманулы", "party": "", "year": 14, "gender":"male"},
{"name":"АЛИМЖАНОВ Бекен Окенович", "party": "", "year": 14, "gender":"male"},
{"name":"АЛШЫМБАЕВ Зейнулла Утежанович", "party": "", "year": 14, "gender":"male"},
{"name":"АСАНОВ Турарбек Мажилович", "party": "", "year": 14, "gender":"male"},
{"name":"АУБАКИРОВ Токтар Онгарбаевич", "party": "", "year": 14, "gender":"male"},
{"name":"АЯШЕВ Оналбай Аяшевич", "party": "", "year": 14, "gender":"male"},
{"name":"АЯШОВ Райымбек", "party": "", "year": 14, "gender":"male"},
{"name":"БАЙМАГАМБЕТОВА Багила Бирмагамбетовна", "party": "", "year": 14, "gender":"male"},
{"name":"БАЙМЕНОВ Алихан Мухамедьевич", "party": "", "year": 14, "gender":"male"},
{"name":"БЕЙСЕНБАЕВ Аскар Асанович", "party": "", "year": 14, "gender":"male"},
{"name":"БЕРДОНГАР Танирберген Маратулы", "party": "", "year": 14, "gender":"male"},
{"name":"БОБРОВ Владимир Яковлевич", "party": "", "year": 14, "gender":"male"},
{"name":"БОЯРКИН Сергей Иванович", "party": "", "year": 14, "gender":"male"},
{"name":"ДЖИЛКИШИЕВ Нурлан Абжаппарович", "party": "", "year": 14, "gender":"male"},
{"name":"ДОСКАЛОВ Валерий Алексеевич ДҮ", "party": "", "year": 14, "gender":"male"},
{"name":"ЙСЕКЕЕВ Амангелді", "party": "", "year": 14, "gender":"male"},
{"name":"ДЬЯЧЕНКО Сергей Александрович", "party": "", "year": 14, "gender":"male"},
{"name":"ЕГОРОВ Виктор Николаевич", "party": "", "year": 14, "gender":"male"},
{"name":"ЕЛЕУБАЕВ Узаккали Биалаевич", "party": "", "year": 14, "gender":"male"},
{"name":"ЕСЖАНОВ Сауырбай Колибаевич ЖАҚ", "party": "", "year": 14, "gender":"male"},
{"name":"ИЯНОВ Оралбек Нұрсейітұлы", "party": "", "year": 14, "gender":"male"},
{"name":"ЖАЛЫБИН Сергей Михайлович", "party": "", "year": 14, "gender":"male"},
{"name":"ЖАМАЛОВ Аманжан Макаримович", "party": "", "year": 14, "gender":"male"},
{"name":"ЖОЛШЫБЕКОВ Әмзебек Рысбекұлы", "party": "", "year": 14, "gender":"male"},
{"name":"ИБРАГИМОВ Сатыбалды Тлемисович", "party": "", "year": 14, "gender":"male"},
{"name":"ИТЕГУЛОВ Марал Сергазиевич", "party": "", "year": 14, "gender":"male"},
{"name":"ИТЕМГЕНОВ Нурлан Гайсанович", "party": "", "year": 14, "gender":"male"},
{"name":"КАДЫРОВА Зауре Жусуповна", "party": "", "year": 14, "gender":"female"},
{"name":"КАЛИЖАНОВ Уалихан Калижанулы", "party": "", "year": 14, "gender":"male"},
{"name":"КАРАМАНОВ Узакбай КӘРІ", "party": "", "year": 14, "gender":"male"},
{"name":"МОВ Мұрат Әбділхайұлы КИСЕЛЁ", "party": "", "year": 14, "gender":"male"},
{"name":"В Сергей Владимирович", "party": "", "year": 14, "gender":"male"},
{"name":"КЛЕБАНОВА Дарья Владимировна", "party": "", "year": 14, "gender":"female"},
{"name":"КОНАКБАЕВ Серик Керимбекович", "party": "", "year": 14, "gender":"male"},
{"name":"КОСМАМБЕТОВ Тулебек", "party": "", "year": 14, "gender":"male"},
{"name":"КОТОВИЧ Валерий Николаевич ҚАЛҚ", "party": "", "year": 14, "gender":"male"},
{"name":"АБАЕВ Орынбасар Шойбекұлы", "party": "", "year": 14, "gender":"male"},
{"name":"МАДИНОВ Ромин Ризович", "party": "", "year": 14, "gender":"male"},
{"name":"МАКАШЕВ Нурпейс Макашович", "party": "", "year": 14, "gender":"male"},
{"name":"МИЛЮТИН Александр Александрович", "party": "", "year": 14, "gender":"male"},
{"name":"МУКАШЕВ Рахмет Желдыбаевич", "party": "", "year": 14, "gender":"male"},
{"name":"МУХАМЕДЖАНОВ Урал Байгунсович МҰ", "party": "", "year": 14, "gender":"male"},
{"name":"ХАМЕДЖАНОВ Төлеген Мұхамеджанұлы", "party": "", "year": 14, "gender":"male"},
{"name":"НАЗАРБАЕВА Дарига Нурсултановна", "party": "", "year": 14, "gender":"female"},
{"name":"НЕХОРОШЕВ Владимир Анфианович", "party": "", "year": 14, "gender":"male"},
{"name":"НИГМАТУЛИН Ерлан Зайруллаевич", "party": "", "year": 14, "gender":"male"},
{"name":"НУКЕТАЕВА Динар Жусупалиевна НҰ", "party": "", "year": 14, "gender":"female"},
{"name":"РАХМЕТОВ Тоқтархан Нұрахметұлы", "party": "", "year": 14, "gender":"male"},
{"name":"ОМАРОВ Ермуханбет Омарович", "party": "", "year": 14, "gender":"male"},
{"name":"ОСПАНОВ Серик Жамекулы", "party": "", "year": 14, "gender":"male"},
{"name":"РАМАЗАНОВ Еркин Амануллинович", "party": "", "year": 14, "gender":"male"},
{"name":"РАХМЕТОВ Ержан Оразович", "party": "", "year": 14, "gender":"male"},
{"name":"РУСТЕМОВ Нурбах Турарович", "party": "", "year": 14, "gender":"male"},
{"name":"САБИЛЬЯНОВ Нұртай Салихұлы", "party": "", "year": 14, "gender":"male"},
{"name":"САГАДИЕВ Кенжегали Абенович", "party": "", "year": 14, "gender":"male"},
{"name":"САРСЕНОВ Нурдаулет Жумагулович", "party": "", "year": 14, "gender":"male"},
{"name":"СУХОРУКОВА Вера Николаевна", "party": "", "year": 14, "gender":"female"},
{"name":"СЫЗДЫКОВ Тито Уахапович", "party": "", "year": 14, "gender":"male"},
{"name":"ТАРАСЕНКО Елена Ивановна", "party": "", "year": 14, "gender":"female"},
{"name":"ТАСПИХОВ Амангельды Сатыбалдиевич", "party": "", "year": 14, "gender":"male"},
{"name":"ТИНИКЕЕВ Мухтар Бакирович", "party": "", "year": 14, "gender":"male"},
{"name":"ТЛЕУХАН Бекболат Канайулы", "party": "", "year": 14, "gender":"male"},
{"name":"ТРОШИХИН Михаил Васильевич", "party": "", "year": 14, "gender":"male"},
{"name":"ТУСУПОВ Алдиярбек Али-Аскарович", "party": "", "year": 14, "gender":"male"},
{"name":"ТШАНОВ Амалбек Козыбакулы", "party": "", "year": 14, "gender":"male"},
{"name":"УРАЗАЛИНОВ Шаймерден Абильмажинович", "party": "", "year": 14, "gender":"male"},
{"name":"УТЕГЕНОВ Амангос Титаувич", "party": "", "year": 14, "gender":"male"},
{"name":"УТЕПБАЕВ Байбол Анапияевич", "party": "", "year": 14, "gender":"male"},
{"name":"ЧЕРДАБАЕВ Равиль Тажикараулы", "party": "", "year": 14, "gender":"male"},
{"name":"ЧИРКАЛИН Иван Федорович", "party": "", "year": 14, "gender":"male"},
{"name":"ШАЕКИН Рауан Михайлович", "party": "", "year": 14, "gender":"male"},
{"name":"ШАЛАХМЕТОВ Гадильбек Минажевич", "party": "", "year": 14, "gender":"male"},
{"name":"ШАХАНОВ Мухтар", "party": "", "year": 14, "gender":"male"}]
  ,
  [{"name":"АБДИРОВ Нурлан Мажитович", "party": "", "year": 14, "gender":"male"},
  {"name":"АБЕНОВ Мурат Абдуламитович", "party": "", "year": 14, "gender":"male"},
  {"name":"АИМБЕТОВ Сеитсултан Сулейменович", "party": "", "year": 14, "gender":"male"},
  {"name":"АЙСИНА Майра Араповна", "party": "", "year": 14, "gender":"male"},
  {"name":"АЛИМЖАНОВ Бекен Окенович", "party": "", "year": 14, "gender":"male"},
  {"name":"АЛШЫМБАЕВ Зейнулла Утежанович", "party": "", "year": 14, "gender":"male"},
  {"name":"АЛЬЗАКОВ Ерзат Валиханович", "party": "", "year": 14, "gender":"male"},
  {"name":"АПСАЛЯМОВ Ерболат Надирбекович", "party": "", "year": 14, "gender":"male"},
  {"name":"АСАНОВ Жакип Кажманович", "party": "", "year": 14, "gender":"male"},
  {"name":"АСАНОВ Турарбек Мажилович", "party": "", "year": 14, "gender":"male"},
  {"name":"АХМАДИЕВ Мурат Абдуреимович", "party": "", "year": 14, "gender":"male"},
  {"name":"БАЙМАГАМБЕТОВА Багила Бирмагамбетовна", "party": "", "year": 14, "gender":"female"},
  {"name":"БАЙМАГАНБЕТОВ Серик Нуртаевич", "party": "", "year": 14, "gender":"male"},
  {"name":"БАЛИЕВА Загипа Яхяновна", "party": "", "year": 14, "gender":"female"},
  {"name":"БЕЙСЕНБАЕВ Аскар Асанович", "party": "", "year": 14, "gender":"male"},
  {"name":"БЕКЕНОВ Асхат Сакибеденович", "party": "", "year": 14, "gender":"male"},
  {"name":"БЕКЖАНОВ Берик Айдарбекович", "party": "", "year": 14, "gender":"male"},
  {"name":"БЕКТУРЕЕВ Устемир Райымбекович", "party": "", "year": 14, "gender":"male"},
  {"name":"БЕРДОНГАР Танирберген Маратулы", "party": "", "year": 14, "gender":"male"},
  {"name":"БИЖАНОВ Керимжан Ксенбаевич", "party": "", "year": 14, "gender":"male"},
  {"name":"БИСЕНОВ Кылышбай Алдабергенович", "party": "", "year": 14, "gender":"male"},
  {"name":"БОБРОВ Владимир Яковлевич", "party": "", "year": 14, "gender":"male"},
  {"name":"БУРХАНОВ Камал Низамович", "party": "", "year": 14, "gender":"male"},
  {"name":"БЫЧКОВА Светлана Федоровна", "party": "", "year": 14, "gender":"female"},
  {"name":"ВИШНИЧЕНКО Валерий Георгиевич", "party": "", "year": 14, "gender":"male"},
  {"name":"ГЕЛЛЕРТ Наталья Владимировна", "party": "", "year": 14, "gender":"female"},
  {"name":"ДЖАЗИН Аманжол", "party": "", "year": 14, "gender":"male"},
  {"name":"ДЖАКУПОВ Кабибулла Кабенович", "party": "", "year": 14, "gender":"male"},
  {"name":"ДМИТРИЕНКО Петр Гаврилович", "party": "", "year": 14, "gender":"male"},
  {"name":"ДОСКАЛИЕВ Жаксылык Акмурзаевич", "party": "", "year": 14, "gender":"male"},
  {"name":"ДОСКАЛОВ Валерий Алексеевич", "party": "", "year": 14, "gender":"male"},
  {"name":"ДУЙСЕБАЕВ Жексенбай Картабаевич", "party": "", "year": 14, "gender":"male"},
  {"name":"ДЫМОВ Олег Григорьевич", "party": "", "year": 14, "gender":"male"},
  {"name":"ДЬЯЧЕНКО Сергей Александрович", "party": "", "year": 14, "gender":"male"},
  {"name":"ЕЛЕКЕЕВ Ирак Касымович", "party": "", "year": 14, "gender":"male"},
  {"name":"ЕЛЕУБАЕВ Узаккали Биалаевич", "party": "", "year": 14, "gender":"male"},
  {"name": "ЕСЖАНОВ Сауырбай Колибаевич","party": "", "year": 14, "gender":"male"},
  {"name": "ЕСИЛОВ Сансызбай Сейтжанович","party": "", "year": 14, "gender":"male"},
  {"name": "ЖАМАЛОВ Аманжан Макаримович","party": "", "year": 14, "gender":"male"},
  {"name": "ЖАРАСПАЕВ Алияр Арыстанович","party": "", "year": 14, "gender":"male"},
  {"name": "ЖОЛШИБЕКОВ Амзебек Рысбекович","party": "", "year": 14, "gender":"male"},
  {"name": "ЖУМАГУЛОВ Бакытжан Турсынович","party": "", "year": 14, "gender":"male"},
  {"name": "ИБРАГИМОВ Сатыбалды Тлемисович","party": "", "year": 14, "gender":"male"},
  {"name": "ИБРАЕВ Толеген Токтасынович","party": "", "year": 14, "gender":"male"},
  {"name": "ИДИРИСОВ Куттыхожа","party": "", "year": 14, "gender":"male"},
  {"name": "ИСАКУЛОВ Ержан Бекбауович","party": "", "year": 14, "gender":"male"},
  {"name": "ИСИМБАЕВА Гульмира Истайбековна","party": "", "year": 14, "gender":"female"},
  {"name": "ИТЕГУЛОВ Марал Сергазиевич","party": "", "year": 14, "gender":"male"},
  {"name": "КАДАМБАЕВ Токтарбай","party": "", "year": 14, "gender":"male"},
  {"name": "КАЛИЖАНОВ Уалихан Калижанулы","party": "", "year": 14, "gender":"male"},
  {"name": "КАППЕЛЬ Егор Яковлевич","party": "", "year": 14, "gender":"male"},
  {"name": "КАРАГУСОВА Гульжана Джанпеисовна","party": "", "year": 14, "gender":"female"},
  {"name": "КАРИБЖАНОВ Жаныбек Салимович","party": "", "year": 14, "gender":"male"},
  {"name": "КИКОЛЕНКО Ольга Андреевна","party": "", "year": 14, "gender":"female"},
  {"name": "КИЯНСКИЙ Виктор Владимирович","party": "", "year": 14, "gender":"male"},
  {"name": "КЛЕБАНОВА Дарья Владимировна","party": "", "year": 14, "gender":"female"},
  {"name": "КОНАКБАЕВ Серик Керимбекович","party": "", "year": 14, "gender":"male"},
  {"name": "КОНАРБАЙ Болат Кайроллаулы","party": "", "year": 14, "gender":"male"},
  {"name": "КОНУРБАЕВ Валихан Сиянбекович","party": "", "year": 14, "gender":"male"},
  {"name": "КОСМАМБЕТОВ Тулебек","party": "", "year": 14, "gender":"male"},
  {"name": "КОТОВИЧ Валерий Николаевич","party": "", "year": 14, "gender":"male"},
  {"name": "КУСАИНОВ Даулбай Мейрамович","party": "", "year": 14, "gender":"male"},
  {"name": "МАДИНОВ Ромин Ризович","party": "", "year": 14, "gender":"male"},
  {"name": "МЕДЕУОВ Усенгельды Умиржанович","party": "", "year": 14, "gender":"male"},
  {"name": "МИЛЮТИН Александр Александрович","party": "", "year": 14, "gender":"male"},
  {"name": "МОМЫШЕВ Амангельды Аршабаевич","party": "", "year": 14, "gender":"male"},
  {"name": "МУКАШЕВ Рахмет Желдыбаевич","party": "", "year": 14, "gender":"male"},
  {"name": "МУКАШЕВ Серикжан Шайзадаевич","party": "", "year": 14, "gender":"male"},
  {"name": "МУСИН Аслан Еспулаевич","party": "", "year": 14, "gender":"male"},
  {"name": "МУХАМЕДЖАНОВ Урал Байгунсович","party": "", "year": 14, "gender":"male"},
  {"name": "МЫРЗАХМЕТОВ Шалатай","party": "", "year": 14, "gender":"male"},
  {"name": "НЕХОРОШЕВ Владимир Анфианович","party": "", "year": 14, "gender":"male"},
  {"name": "НИГМАТУЛИН Ерлан Зайруллаевич","party": "", "year": 14, "gender":"male"},
  {"name": "НУКЕТАЕВА Динар Жусупалиевна","party": "", "year": 14, "gender":"female"},
  {"name": "ОМАРОВ Ермуханбет Омарович","party": "", "year": 14, "gender":"male"},
  {"name": "ОРАЗАЛИНОВ Илюбай Атагаевич","party": "", "year": 14, "gender":"male"},
  {"name": "ОСПАНОВ Серик Жамекулы Ө","party": "", "year": 14, "gender":"male"},
  {"name": "НЕРБАЙ Нұрлан Әлтайұлы","party": "", "year": 14, "gender":"male"},
  {"name": "ПИТАЛЕНКО Леонид Николаевич","party": "", "year": 14, "gender":"male"},
  {"name": "ПОЛИЩУК Раиса Ивановна","party": "", "year": 14, "gender":"female"},
  {"name": "ПШЕМБАЕВ Мейрам Кудайбергенович","party": "", "year": 14, "gender":"male"},
  {"name": "РАМАЗАНОВ Еркин Амануллинович","party": "", "year": 14, "gender":"male"},
  {"name": "РАХМЕТОВ Ержан Оразович","party": "", "year": 14, "gender":"male"},
  {"name": "РОГАЛЕВ Виктор Павлович","party": "", "year": 14, "gender":"male"},
  {"name": "РУСТЕМОВ Нурбах Турарович","party": "", "year": 14, "gender":"male"},
  {"name": "САБИЛЬЯНОВ Нұртай Салихұлы","party": "", "year": 14, "gender":"male"},
  {"name": "САГАДИЕВ Кенжегали Абенович","party": "", "year": 14, "gender":"male"},
  {"name": "САДВАКАСОВ Кайрат Кутумович","party": "", "year": 14, "gender":"male"},
  {"name": "САМАКОВА Айткуль Байгазиевна","party": "", "year": 14, "gender":"male"},
  {"name": "САРПЕКОВ Рамазан Кумарбекович","party": "", "year": 14, "gender":"male"},
  {"name": "САРСЕНОВ Нурдаулет Жумагулович","party": "", "year": 14, "gender":"male"},
  {"name": "СЕЙТМАГАНБЕТОВА Гулнар Сулейменовна","party": "", "year": 14, "gender":"female"},
  {"name": "СМАИЛОВ Бауыржан Амангельдинович","party": "", "year": 14, "gender":"male"},
  {"name": "СМАЙЫЛ Алдан Зейноллаұлы","party": "", "year": 14, "gender":"male"},
  {"name": "СОЛОВЬЕВА Айгуль Сагадибековна","party": "", "year": 14, "gender":"female"},
  {"name": "СУЛЕЙМЕНОВ Жарасбай Кабдоллинович","party": "", "year": 14, "gender":"male"},
  {"name": "СЫЗДЫКОВ Тито Уахапович","party": "", "year": 14, "gender":"male"},
  {"name": "СЫЗДЫКОВА Бакыт Ахметовна","party": "", "year": 14, "gender":"female"},
  {"name": "ТАЙЖАНОВ Ерканат Шарапатович","party": "", "year": 14, "gender":"male"},
  {"name": "ТАРАСЕНКО Елена Ивановна","party": "", "year": 14, "gender":"female"},
  {"name": "ТЕМИРБУЛАТОВ Серик Габдуллаевич","party": "", "year": 14, "gender":"male"},
  {"name": "ТИНИКЕЕВ Мухтар Бакирович","party": "", "year": 14, "gender":"male"},
  {"name": "ТЛЕУБЕРДИН Алтай Аблаевич","party": "", "year": 14, "gender":"male"},
  {"name": "ТЛЕУХАН Бекболат Канайулы","party": "", "year": 14, "gender":"male"},
  {"name": "ТОКПАКБАЕВ Сат Бесимбаевич","party": "", "year": 14, "gender":"male"},
  {"name": "ТУРЕЦКИЙ Николай Николаевич","party": "", "year": 14, "gender":"male"},
  {"name": "ТУРСУНОВ Азамат Жанабильевич","party": "", "year": 14, "gender":"male"},
  {"name": "ТУРСУНОВ Сагинбек Токабаевич","party": "", "year": 14, "gender":"male"},
  {"name": "УАЛИ Курмангали Уалиулы","party": "", "year": 14, "gender":"male"},
  {"name": "УТЕГЕНОВ Амангос Титаувич","party": "", "year": 14, "gender":"male"},
  {"name": "УТЕМИСОВ Шавхат Анесович","party": "", "year": 14, "gender":"male"},
  {"name": "ФЕРХО Светлана Ивановна","party": "", "year": 14, "gender":"female"},
  {"name": "ХАЛМУРАДОВ Розакул Сатыбалдиевич","party": "", "year": 14, "gender":"male"},
  {"name": "ХОЧИЕВА Людмила Хисаевна","party": "", "year": 14, "gender":"female"},
  {"name": "ЦОЙ Виктор Евгеньевич","party": "", "year": 14, "gender":"male"},
  {"name": "ЧИРКАЛИН Иван Федорович","party": "", "year": 14, "gender":"male"},
  {"name": "ШАЕКИН Рауан Михайлович","party": "", "year": 14, "gender":"male"},
  {"name": "ЯКОВЛЕВА Татьяна Ивановна", "party": "", "year": 14, "gender":"female"}]
,[{"name":"АБДИРОВ Нурлан Мажитович","party": "", "year": 14, "gender":"male"},
{"name":"АБЕНОВ Мурат Абдуламитович","party": "", "year": 14, "gender":"male"},
{"name":"АБИЛЬДАЕВ Азамат Рахатович","party": "", "year": 14, "gender":"male"},
{"name":"АИМБЕТОВ Сеитсултан Сулейменович","party": "", "year": 14, "gender":"male"},
{"name":"АЙСИНА Майра Араповна","party": "", "year": 14, "gender":"female"},
{"name":"АЛИЕВ Жуматай","party": "", "year": 14, "gender":"male"},
{"name":"АСАНҒАЗЫ Оразкүл Асанғазықызы","party": "", "year": 14, "gender":"female"},
{"name":"АСАНОВ Жакип Кажманович","party": "", "year": 14, "gender":"male"},
{"name":"АСАНОВ Турарбек Мажилович","party": "", "year": 14, "gender":"male"},
{"name":"АХМАДИЕВ Мурат Абдуреимович","party": "", "year": 14, "gender":"male"},
{"name":"АХМЕТБЕКОВ Жамбыл Аужанович","party": "", "year": 14, "gender":"male"},
{"name":"АШИМ Нургали Садуакасулы","party": "", "year": 14, "gender":"male"},
{"name":"АШИМБАЕВ Маулен Сагатханулы","party": "", "year": 14, "gender":"male"},
{"name":"БАЗАРБАЕВ Аскар Ермурзаевич","party": "", "year": 14, "gender":"male"},
{"name":"БАЙМАХАНОВА Галина Александровна","party": "", "year": 14, "gender":"female"},
{"name":"БАЛИЕВА Загипа Яхяновна","party": "", "year": 14, "gender":"male"},
{"name":"БЕГЕНЕЕВ Андрей Анатольевич","party": "", "year": 14, "gender":"male"},
{"name":"БЕГЕНТАЕВ Мейрам Мухаметрахимович","party": "", "year": 14, "gender":"male"},
{"name":"БЕКЕНОВ Асхат Сакибеденович","party": "", "year": 14, "gender":"male"},
{"name":"БЕКТУРГАНОВ Ерсултан Утегулович","party": "", "year": 14, "gender":"male"},
{"name":"БЕРДОНГАР Танирберген Маратулы","party": "", "year": 14, "gender":"male"},
{"name":"БИМЕНДИНА Асима Темкеновна","party": "", "year": 14, "gender":"female"},
{"name":"БИШИМБАЕВ Валихан Козыкеевич","party": "", "year": 14, "gender":"male"},
{"name":"БУРХАНОВ Камал Низамович","party": "", "year": 14, "gender":"male"},
{"name":"БЫЧКОВА Светлана Федоровна","party": "", "year": 14, "gender":"male"},
{"name":"ГАЛИМОВА Алия Кайратовна","party": "", "year": 14, "gender":"female"},
{"name":"ДЖАКУПОВ Кабибулла Кабенович","party": "", "year": 14, "gender":"male"},
{"name":"ДЖАРАСОВ Жанат Абдуллаевич","party": "", "year": 14, "gender":"male"},
{"name":"ДОСМУХАМБЕТОВ Темирхан Мынайдарович","party": "", "year": 14, "gender":"male"},
{"name":"ДОШАЕВ Ерген Николаевич","party": "", "year": 14, "gender":"male"},
{"name":"ДУЙСЕБАЕВ Жексенбай Картабаевич","party": "", "year": 14, "gender":"male"},
{"name":"ДЬЯЧЕНКО Сергей Александрович","party": "", "year": 14, "gender":"male"},
{"name":"ДЮСЕНГАЛИЕВ Жалгас Матешович","party": "", "year": 14, "gender":"male"},
{"name":"ЕРГАЛИЕВ Талгат Файзуллиевич","party": "", "year": 14, "gender":"male"},
{"name":"ЕРТАЕВ Бахытжан","party": "", "year": 14, "gender":"male"},
{"name":"ЖАБАГИЕВ Кожахан Кокрекбаевич","party": "", "year": 14, "gender":"male"},
{"name":"ЖАЗЫЛБЕКОВ Нурлан Абдужапарович","party": "", "year": 14, "gender":"male"},
{"name":"ЖУМАБЕКОВ Оналсын Исламович","party": "", "year": 14, "gender":"male"},
{"name":"ЖЫЛКАЙДАРОВ Сакен Егинбаевич","party": "", "year": 14, "gender":"male"},
{"name":"ИБРАЕВ Толеген Токтасынович","party": "", "year": 14, "gender":"male"},
{"name":"ИДИРИСОВ Куттыхожа","party": "", "year": 14, "gender":"male"},
{"name":"ИЗМУХАМБЕТОВ Бактыкожа Салахатдинович","party": "", "year": 14, "gender":"male"},
{"name":"ИКСАНОВА Гульнар Мустахимовна","party": "", "year": 14, "gender":"female"},
{"name":"ИСИМБАЕВА Гульмира Истайбековна","party": "", "year": 14, "gender":"male"},
{"name":"КАДРАЛИЕВА Светлана Хайдаровна","party": "", "year": 14, "gender":"female"},
{"name":"КАЗБЕКОВА Меруерт Айткажиевна","party": "", "year": 14, "gender":"female"},
{"name":"КАНАЕВ Серикжан Зиаданович","party": "", "year": 14, "gender":"male"},
{"name":"КАППЕЛЬ Егор Яковлевич","party": "", "year": 14, "gender":"male"},
{"name":"КАРАГУСОВА Гульжана Джанпеисовна","party": "", "year": 14, "gender":"female"},
{"name":"КАРАКЕН Куралай Ануаровна","party": "", "year": 14, "gender":"female"},
{"name":"КЕНЖИН Тулеш Аукебаевич","party": "", "year": 14, "gender":"male"},
{"name":"КИКОЛЕНКО Ольга Андреевна","party": "", "year": 14, "gender":"female"},
{"name": "КИМ Роман Ухенович","party": "", "year": 14, "gender":"male"},
{"name": "КИЯНСКИЙ Виктор Владимирович","party": "", "year": 14, "gender":"male"},
{"name": "КЛЕБАНОВА Дарья Владимировна","party": "", "year": 14, "gender":"female"},
{"name": "КОЖАХМЕТОВ Арман Тулешович","party": "", "year": 14, "gender":"male"},
{"name": "КОНУРОВ Айкын Ойратович","party": "", "year": 14, "gender":"male"},
{"name": "КОСАРЕВ Владислав Борисович","party": "", "year": 14, "gender":"male"},
{"name": "КУЗЬМИН Николай Алексеевич","party": "", "year": 14, "gender":"male"},
{"name": "ЛОГУТОВ Николай Николаевич","party": "", "year": 14, "gender":"male"},
{"name": "МАДИНОВ Ромин Ризович","party": "", "year": 14, "gender":"male"},
{"name": "МАКОВСКИЙ Анатолий Павлович","party": "", "year": 14, "gender":"male"},
{"name": "МЕДЕУОВ Усенгельды Умиржанович","party": "", "year": 14, "gender":"male"},
{"name": "МИЛЮТИН Александр Александрович","party": "", "year": 14, "gender":"male"},
{"name": "МУКАШЕВ Рахмет Желдыбаевич","party": "", "year": 14, "gender":"male"},
{"name": "МУРАДОВ Ахмет Сейдарахманович","party": "", "year": 14, "gender":"male"},
{"name": "МУХАМЕДЖАНОВ Урал Байгунсович","party": "", "year": 14, "gender":"male"},
{"name": "МЫРЗАХМЕТОВ Шалатай","party": "", "year": 14, "gender":"male"},
{"name": "НАЗАРБАЕВА Дарига Нурсултановна","party": "", "year": 14, "gender":"female"},
{"name": "НЕСТЕРОВА Надежда Дмитриевна","party": "", "year": 14, "gender":"female"},
{"name": "НИГМАТУЛИН Нурлан Зайруллаевич","party": "", "year": 14, "gender":"male"},
{"name": "НИКИТИНСКАЯ Екатерина Сергеевна","party": "", "year": 14, "gender":"female"},
{"name": "НУРГИСАЕВ Серикбай Урикбаевич","party": "", "year": 14, "gender":"male"},
{"name": "НУРКИНА Айгуль Кабдушевна","party": "", "year": 14, "gender":"female"},
{"name": "ОКСИКБАЕВ Омархан Нуртаевич","party": "", "year": 14, "gender":"male"},
{"name": "ОМУРЗАКОВ Турсунбек Казенович","party": "", "year": 14, "gender":"male"},
{"name": "ОСПАНОВ Серик Жамекулы","party": "", "year": 14, "gender":"male"},
{"name": "ПЕПЕНИН Анатолий Сергеевич","party": "", "year": 14, "gender":"male"},
{"name": "ПЕРУАШЕВ Азат Турлыбекулы","party": "", "year": 14, "gender":"male"},
{"name": "ПЕТУХОВА Надежда Михайловна","party": "", "year": 14, "gender":"female"},
{"name": "ПШЕМБАЕВ Мейрам Кудайбергенович","party": "", "year": 14, "gender":"male"},
{"name": "РАХИМЖАНОВ Амерхан Муратпекович","party": "", "year": 14, "gender":"male"},
{"name": "РОГАЛЕВ Виктор Павлович","party": "", "year": 14, "gender":"male"},
{"name": "РОМАНОВСКАЯ Светлана Юрьевна","party": "", "year": 14, "gender":"female"},
{"name": "РЫСҚАЛИ Аманжан Сәулебайұлы","party": "", "year": 14, "gender":"male"},
{"name": "САБИЛЬЯНОВ Нұртай Салихұлы","party": "", "year": 14, "gender":"male"},
{"name": "САДИБЕКОВ Уласбек","party": "", "year": 14, "gender":"male"},
{"name": "САМАКОВА Айткуль Байгазиевна","party": "", "year": 14, "gender":"female"},
{"name": "САРПЕКОВ Рамазан Кумарбекович","party": "", "year": 14, "gender":"male"},
{"name": "САРСЕНОВ Сагиятулла Омирзакулы","party": "", "year": 14, "gender":"male"},
{"name": "САУДАБАЕВ Канат Бекмурзаевич","party": "", "year": 14, "gender":"male"},
{"name": "САЯПОВА Зухра Алеутдиновна","party": "", "year": 14, "gender":"female"},
{"name": "СЕЙДУМАНОВ Серик Турарович","party": "", "year": 14, "gender":"male"},
{"name": "СЕЙТМАГАНБЕТОВА Гулнар Сулейменовна","party": "", "year": 14, "gender":"female"},
{"name": "СМАҒҰЛ Бақытбек","party": "", "year": 14, "gender":"male"},
{"name": "СМАЙЫЛ Алдан Зейноллаұлы","party": "", "year": 14, "gender":"male"},
{"name": "СОЛОВЬЕВА Айгуль Сагадибековна","party": "", "year": 14, "gender":"female"},
{"name": "СОРОКИН Борис Владимирович","party": "", "year": 14, "gender":"male"},
{"name": "СУЛЕЙМЕНОВ Каирбек Шошанович","party": "", "year": 14, "gender":"male"},
{"name": "СҰЛТАНОВ Қуаныш Сұлтанұлы","party": "", "year": 14, "gender":"male"},
{"name": "ТАРАСЕНКО Елена Ивановна","party": "", "year": 14, "gender":"female"},
{"name": "ТАСБУЛАТОВ Абай Болюкпаевич","party": "", "year": 14, "gender":"male"},
{"name": "ТИМОЩЕНКО Юрий Евгениевич","party": "", "year": 14, "gender":"male"},
{"name": "ТИНИКЕЕВ Мухтар Бакирович","party": "", "year": 14, "gender":"male"},
{"name": "ТОЙБАЕВ Алихан Абдыканович","party": "", "year": 14, "gender":"male"},
{"name": "ТУРТАЕВ Алмас Узакулы","party": "", "year": 14, "gender":"male"},
{"name": "УМБЕТОВ Серик Абикенович","party": "", "year": 14, "gender":"male"},
{"name": "УМУРЗАКОВ Избак Куанышевич","party": "", "year": 14, "gender":"male"},
{"name": "УРАЗОВ Самиголла Хамзаевич","party": "", "year": 14, "gender":"male"},
{"name": "УТЕМИСОВ Шавхат Анесович","party": "", "year": 14, "gender":"male"},
{"name": "ФЕРХО Светлана Ивановна","party": "", "year": 14, "gender":"female"},
{"name": "ХАЛМУРАДОВ Розакул Сатыбалдиевич","party": "", "year": 14, "gender":"female"},
{"name": "ШАЕКИН Рауан Михайлович","party": "", "year": 14, "gender":"male"},
{"name": "ШИШИГИНА Ольга Васильевна","party": "", "year": 14, "gender":"male"},
{"name": "ШПАНОВ Еркин Мажитович","party": "", "year": 14, "gender":"male"},
{"name": "ЩЕГЕЛЬСКИЙ Глеб Анатольевич","party": "", "year": 14, "gender":"male"},
{"name": "ЯКОВЛЕВА Татьяна Ивановна","party": "", "year": 14, "gender":"female"}
]
,
[
  {"name": "АБДИРОВ Нурлан Мажитович","party": "", "year": 14, "gender":"male"},
  {"name": "АБДРАХМАНОВ Сауытбек Абдрахманович","party": "", "year": 14, "gender":"male"},
  {"name": "АБДЫКАЛИКОВА Гульшара Наушаевна","party": "", "year": 14, "gender":"female"},
  {"name": "АБСАТИРОВ Кенес Гарапович","party": "", "year": 14, "gender":"male"},
  {"name": "АЙСИНА Майра Араповна","party": "", "year": 14, "gender":"female"},
  {"name": "АЛИМЖАНОВ Нурлан Баянгалиевич","party": "", "year": 14, "gender":"male"},
  {"name": "АЛЬТАЕВ Нуржан Бауыржанович","party": "", "year": 14, "gender":"male"},
  {"name": "АМАНЖОЛОВА Зауреш Джуманалиевна","party": "", "year": 14, "gender":"female"},
  {"name": "АРОНОВА Ирина Петровна","party": "", "year": 14, "gender":"female"},
  {"name": "АХМЕТБЕКОВ Жамбыл Аужанович","party": "", "year": 14, "gender":"male"},
  {"name": "АХМЕТОВ Сапар Кайратович","party": "", "year": 14, "gender":"male"},
  {"name": "АШИМБАЕВ Маулен Сагатханулы","party": "", "year": 14, "gender":"male"},
  {"name": "АШИМБЕТОВ Нуржан Кемерович","party": "", "year": 14, "gender":"male"},
  {"name": "ӘБДІРАЙЫМ Бақытжан Жарылқасынұлы","party": "", "year": 14, "gender":"male"},
  {"name": "БАЗАРБАЕВ Аскар Ермурзаевич","party": "", "year": 14, "gender":"male"},
  {"name": "БАЙМАХАНОВА Галина Александровна","party": "", "year": 14, "gender":"male"},
  {"name": "БАЛИЕВА Загипа Яхяновна","party": "", "year": 14, "gender":"female"},
  {"name": "БАРЛЫБАЕВ Ерлан Хайланович","party": "", "year": 14, "gender":"male"},
  {"name": "БЕКТУРГАНОВ Абдиманап Еликбаевич","party": "", "year": 14, "gender":"male"},
  {"name": "БЕКТУРГАНОВ Ерсултан Утегулович","party": "", "year": 14, "gender":"male"},
  {"name": "БИЖАНОВА Гульнара Кадиржановна","party": "", "year": 14, "gender":"female"},
  {"name": "БОЖКО Владимир Карпович","party": "", "year": 14, "gender":"male"},
  {"name": "БОПАЗОВ Марат Дарибекович","party": "", "year": 14, "gender":"male"},
  {"name": "БЫЧКОВА Светлана Федоровна","party": "", "year": 14, "gender":"female"},
  {"name": "ДАУРЕНБАЕВ Амангелди Айдарович","party": "", "year": 14, "gender":"male"},
  {"name": "ДЖАКУПОВ Кабибулла Кабенович","party": "", "year": 14, "gender":"male"},
  {"name": "ДЖАРАСОВ Жанат Абдуллаевич","party": "", "year": 14, "gender":"female"},
  {"name": "ДУЙСЕБАЕВ Жексенбай Картабаевич","party": "", "year": 14, "gender":"male"},
  {"name": "ДУЛАТБЕКОВ Нурлан Орынбасарович","party": "", "year": 14, "gender":"male"},
  {"name": "ДЬЯЧЕНКО Сергей Александрович","party": "", "year": 14, "gender":"male"},
  {"name": "ДЮСЕМБИНОВ Берик Салимжанович","party": "", "year": 14, "gender":"male"},
  {"name": "ЕРАЛИЕВ Абзал Жумашович","party": "", "year": 14, "gender":"male"},
  {"name": "ЕРЖАН Кудайберген Толепович","party": "", "year": 14, "gender":"male"},
  {"name": "ЕРМАН Мухтар Тилдабекулы","party": "", "year": 14, "gender":"male"},
  {"name": "ЕРТАЕВ Бахытжан","party": "", "year": 14, "gender":"male"},
  {"name": "ЕСПАЕВА Дания Мадиевна","party": "", "year": 14, "gender":"female"},
  {"name": "ЖАБАГИЕВ Кожахан Кокрекбаевич","party": "", "year": 14, "gender":"male"},
  {"name": "ЖАИЛГАНОВА Анар Нұралықызы","party": "", "year": 14, "gender":"female"},
  {"name": "ЖАМАЛОВ Аманжан Макаримович","party": "", "year": 14, "gender":"male"},
  {"name": "ЖИЛКИШИЕВ Байдильда","party": "", "year": 14, "gender":"male"},
  {"name": "ЖУМАДИЛЬДАЕВА Наталья Васильевна","party": "", "year": 14, "gender":"female"},
  {"name": "ЗВОЛЬСКИЙ Сергей Адамович","party": "", "year": 14, "gender":"male"},
  {"name": "ИЗМУХАМБЕТОВ Бактыкожа Салахатдинович","party": "", "year": 14, "gender":"male"},
  {"name": "ИКСАНОВА Гульнар Мустахимовна","party": "", "year": 14, "gender":"female"},
  {"name": "ИМАШЕВА Снежанна Валерьевна","party": "", "year": 14, "gender":"male"},
  {"name": "ИСИМБАЕВА Гульмира Истайбековна","party": "", "year": 14, "gender":"female"},
  {"name": "КАЗАНЦЕВ Павел Олегович","party": "", "year": 14, "gender":"male"},
  {"name": "КАЗБЕКОВА Меруерт Айткажиевна","party": "", "year": 14, "gender":"female"},
  {"name": "КАЙНАЗАРОВ Валихан Анарбайулы","party": "", "year": 14, "gender":"male"},
  {"name": "КАНЫБЕКОВ Сакен Асембекович","party": "", "year": 14, "gender":"male"},
  {"name": "КАРАГУСОВА Гульжана Джанпеисовна","party": "", "year": 14, "gender":"female"},
  {"name": "КАРАКЕН Куралай Ануаровна","party": "", "year": 14, "gender":"female"},
  {"name": "КАРАТАЕВ Фахриддин Абдинабиевич","party": "", "year": 14, "gender":"male"},
  {"name": "КЕСЕБАЕВА Балаим Туганбаевна","party": "", "year": 14, "gender":"female"},
  {"name": "КИМ Роман Ухенович","party": "", "year": 14, "gender":"male"},
  {"name": "КЛИМЕНКО Иван Иванович","party": "", "year": 14, "gender":"male"},
  {"name": "КОЖАХМЕТОВ Арман Тулешович","party": "", "year": 14, "gender":"male"},
  {"name": "КОЗЛОВ Евгений Александрович","party": "", "year": 14, "gender":"male"},
  {"name": "КОНУРОВ Айкын Ойратович","party": "", "year": 14, "gender":"male"},
  {"name": "КОСАРЕВ Владислав Борисович","party": "", "year": 14, "gender":"male"},
  {"name": "КУРМАНОВА Айзада Амангельдиновна","party": "", "year": 14, "gender":"female"},
  {"name": "КУСАИНОВ Серик Досымханович","party": "", "year": 14, "gender":"male"},
  {"name": "МАГЕРРАМОВ Магеррам Мамедович","party": "", "year": 14, "gender":"male"},
  {"name": "МАМРАЕВ Бейбит Баймагамбетович","party": "", "year": 14, "gender":"male"},
  {"name": "МАХАМБЕТОВ Мансурхан Махамбетович","party": "", "year": 14, "gender":"male"},
  {"name": "МӘКЕН Бақтияр Мәкенұлы","party": "", "year": 14, "gender":"male"},
  {"name": "МИКАЕЛЯН Наринэ Гамлетовна","party": "", "year": 14, "gender":"female"},
  {"name": "МУРАДОВ Ахмет Сейдарахманович","party": "", "year": 14, "gender":"male"},
  {"name": "МУСИН Канат Сергеевич","party": "", "year": 14, "gender":"male"},
  {"name": "МҰСЫРМАН Кәрібай Иманжанұлы","party": "", "year": 14, "gender":"male"},
  {"name": "МЫНБАЙ Дархан Камзабекулы","party": "", "year": 14, "gender":"male"},
  {"name": "НИГМАТУЛИН Нурлан Зайруллаевич","party": "", "year": 14, "gender":"male"},
  {"name": "НИКИТИНСКАЯ Екатерина Сергеевна","party": "", "year": 14, "gender":"female"},
  {"name": "НУРКИНА Айгуль Кабдушевна","party": "", "year": 14, "gender":"female"},
  {"name": "НУРМАНБЕТОВА Джамиля Нусупжановна","party": "", "year": 14, "gender":"female"},
  {"name": "НУРУМОВ Шаймардан Усаинович","party": "", "year": 14, "gender":"male"},
  {"name": "ОКСИКБАЕВ Омархан Нуртаевич","party": "", "year": 14, "gender":"male"},
  {"name": "ОЛЕЙНИК Василий Иванович","party": "", "year": 14, "gender":"male"},
  {"name": "ОМАРБЕКОВА Жанат Ануарбековна","party": "", "year": 14, "gender":"male"},
  {"name": "ОМАРБЕКОВА Жулдыз Кажикеновна","party": "", "year": 14, "gender":"female"},
  {"name": "ОМАРОВ Сапархан Кесикбаевич","party": "", "year": 14, "gender":"male"},
  {"name": "ОСПАНОВ Берик Серикович","party": "", "year": 14, "gender":"male"},
  {"name": "ПЕРУАШЕВ Азат Турлыбекулы","party": "", "year": 14, "gender":"male"},
  {"name": "ПЛАТОНОВ Артур Станиславович","party": "", "year": 14, "gender":"male"},
  {"name": "ПШЕМБАЕВ Мейрам Кудайбергенович","party": "", "year": 14, "gender":"male"},
  {"name": "РАУ Альберт Павлович","party": "", "year": 14, "gender":"male"},
  {"name": "САБИЛЬЯНОВ Нұртай Салихұлы","party": "", "year": 14, "gender":"male"},
  {"name": "САПАРОВА Алия Суиндиковна","party": "", "year": 14, "gender":"female"},
  {"name": "САПИЕВ Серик Жумангалиевич","party": "", "year": 14, "gender":"male"},
  {"name": "СЕЙДУМАНОВ Серик Турарович","party": "", "year": 14, "gender":"male"},
  {"name": "СИМОНОВ Сергей Анатольевич","party": "", "year": 14, "gender":"male"},
  {"name": "СКЛЯР Роман Васильевич","party": "", "year": 14, "gender":"male"},
  {"name": "СМАГУЛОВ Асылбек Айжарикович","party": "", "year": 14, "gender":"male"},
  {"name": "СМАҒҰЛ Бақытбек","party": "", "year": 14, "gender":"male"},
  {"name": "СМИРНОВА Ирина Владимировна","party": "", "year": 14, "gender":"female"},
  {"name": "СУСЛОВ Александр Васильевич","party": "", "year": 14, "gender":"male"},
  {"name": "СҰЛТАНОВ Қуаныш Сұлтанұлы","party": "", "year": 14, "gender":"male"},
  {"name": "СЫЗДЫКОВ Тургун Искакович","party": "", "year": 14, "gender":"male"},
  {"name": "ТАСБУЛАТОВ Абай Болюкпаевич","party": "", "year": 14, "gender":"male"},
  {"name": "ТЕМИРЖАНОВ Мурат Баритович","party": "", "year": 14, "gender":"male"},
  {"name": "ТИМОЩЕНКО Юрий Евгениевич","party": "", "year": 14, "gender":"male"},
  {"name": "ТИНИКЕЕВ Мухтар Бакирович","party": "", "year": 14, "gender":"male"},
  {"name": "ТЛЕУХАН Бекболат Канайулы","party": "", "year": 14, "gender":"male"},
  {"name": "УМБЕТОВ Серик Абикенович","party": "", "year": 14, "gender":"male"},
  {"name": "УНЖАКОВА Ирина Сергеевна","party": "", "year": 14, "gender":"female"},
  {"name": "УТЕБАЕВ Сакен Нуриевич","party": "", "year": 14, "gender":"male"},
  {"name": "УТЕМИСОВ Шавхат Анесович","party": "", "year": 14, "gender":"male"},
  {"name": "ХАМЕНОВА Бакытгуль Кайржановна","party": "", "year": 14, "gender":"female"},
  {"name": "ХАХАЗОВ Шакир Хусаинович","party": "", "year": 14, "gender":"male"},
  {"name": "ХИТУОВ Тарас Кикбаевич","party": "", "year": 14, "gender":"male"},
  {"name": "ЧИРКОВ Михаил Владимирович","party": "", "year": 14, "gender":"male"},
  {"name": "ШАРАПАЕВ Петр Анатольевич","party": "", "year": 14, "gender":"male"},
  {"name": "ШИПОВСКИХ Геннадий Геннадиевич","party": "", "year": 14, "gender":"male"},
  {"name": "ШИШИГИНА Ольга Васильевна","party": "", "year": 14, "gender":"female"},
  {"name": "ЩЕГЕЛЬСКИЙ Глеб Анатольевич", "party": "", "year": 14, "gender":"male"},
  {"name": "ЯКОВЛЕВА Татьяна Ивановна", "party": "", "year": 14, "gender":"female"}
]]
